SampleID	BarcodeSequence	LinkerPrimerSequence	ReversePrimer	Description	Animal	CFU.lacto	Household	Condition	Group	Age	Sex	Fixed	Breed	Category	File1	File2
001Lumos	CTCTCTAC+TATCCTCT	GTGCCAGCMGCCGCGGTAA	GGACTACHVGGGTWTCTAAT	001Lumos	1	37000	1	Epilepsy	A	3	M	TRUE	Siberian Husky	Epilepsy	001Lumos_F.fastq.gz	001Lumos_R.fastq.gz
002Sunny	CTCTCTAC+AGAGTAGA	GTGCCAGCMGCCGCGGTAA	GGACTACHVGGGTWTCTAAT	002Sunny	2	19800	1	Healthy	B	3	F	FALSE	Siberian Husky 	Healthy	002Sunny_F.fastq.gz	002Sunny_R.fastq.gz
003Bindi	CTCTCTAC+GTAAGGAG	GTGCCAGCMGCCGCGGTAA	GGACTACHVGGGTWTCTAAT	003Bindi	3	579000	2	Healthy	B	8	F	TRUE	Siberian Husky 	Healthy	003Bindi_F.fastq.gz	003Bindi_R.fastq.gz
004Bee	CTCTCTAC+ACTGCATA	GTGCCAGCMGCCGCGGTAA	GGACTACHVGGGTWTCTAAT	004Bee	4	131000	2	Epilepsy	A	4	F	TRUE	Siberian Husky	Epilepsy	004Bee_F.fastq.gz	004Bee_R.fastq.gz
005Ticket	CTCTCTAC+AAGGAGTA	GTGCCAGCMGCCGCGGTAA	GGACTACHVGGGTWTCTAAT	005Ticket	5	0	3	Epilepsy	A	6	M	TRUE	Australian Shepherd	Epilepsy	005Ticket_F.fastq.gz	005Ticket_R.fastq.gz
006Gunner	CTCTCTAC+CTAAGCCT	GTGCCAGCMGCCGCGGTAA	GGACTACHVGGGTWTCTAAT	006Gunner	6	10600000	3	Healthy	B	10	M	TRUE	Australian Shepherd	Healthy	006Gunner_F.fastq.gz	006Gunner_R.fastq.gz
007Ziva	CAGAGAGG+GCGTAAGA	GTGCCAGCMGCCGCGGTAA	GGACTACHVGGGTWTCTAAT	007Ziva	7	0	4	Epilepsy	A	2	M	TRUE	Rough Collie	Epilepsy	007Ziva_F.fastq.gz	007Ziva_R.fastq.gz
008Tony	CAGAGAGG+CTCTCTAT	GTGCCAGCMGCCGCGGTAA	GGACTACHVGGGTWTCTAAT	008Tony	8	37700	4	Healthy	B	6	M	TRUE	Rough Collie	Healthy	008Tony_F.fastq.gz	008Tony_R.fastq.gz
009Callie	CAGAGAGG+TATCCTCT	GTGCCAGCMGCCGCGGTAA	GGACTACHVGGGTWTCTAAT	009Callie	9	12300	5	Healthy	B	6	M	TRUE	Beagle/Blue Tick x	Healthy	009Callie_F.fastq.gz	009Callie_R.fastq.gz
010Sparkle	CAGAGAGG+AGAGTAGA	GTGCCAGCMGCCGCGGTAA	GGACTACHVGGGTWTCTAAT	010Sparkle	10	5100	5	Epilepsy	A	6	F	TRUE	Beagle/Blue Tick x	Epilepsy	010Sparkle_F.fastq.gz	010Sparkle_R.fastq.gz
011Marti	CAGAGAGG+GTAAGGAG	GTGCCAGCMGCCGCGGTAA	GGACTACHVGGGTWTCTAAT	011Marti	11	3940000	6	Healthy	B	7	F	TRUE	Belgian Tervuren	Healthy	011Marti_F.fastq.gz	011Marti_R.fastq.gz
012Jeremy	CAGAGAGG+ACTGCATA	GTGCCAGCMGCCGCGGTAA	GGACTACHVGGGTWTCTAAT	012Jeremy	12	1.71e+08	6	Epilepsy	A	3	F	FALSE	Belgian Tervuren	Epilepsy	012Jeremy_F.fastq.gz	012Jeremy_R.fastq.gz
013Savannah	CAGAGAGG+AAGGAGTA	GTGCCAGCMGCCGCGGTAA	GGACTACHVGGGTWTCTAAT	013Savannah	13	953000	7	Healthy	B	9	F	FALSE	Belgian Tervuren	Healthy	013Savannah_F.fastq.gz	013Savannah_R.fastq.gz
014Jai	CAGAGAGG+CTAAGCCT	GTGCCAGCMGCCGCGGTAA	GGACTACHVGGGTWTCTAAT	014Jai	14	1780000	7	Epilepsy	A	8	M	FALSE	Belgian Tervuren	Epilepsy	014Jai_F.fastq.gz	014Jai_R.fastq.gz
015Eames	GCTACGCT+GCGTAAGA	GTGCCAGCMGCCGCGGTAA	GGACTACHVGGGTWTCTAAT	015Eames	15	0	8	Healthy	B	6	F	TRUE	Shetland Sheepdog	Healthy	015Eames_F.fastq.gz	015Eames_R.fastq.gz
016Fernando	GCTACGCT+CTCTCTAT	GTGCCAGCMGCCGCGGTAA	GGACTACHVGGGTWTCTAAT	016Fernando	16	0	8	Epilepsy	A	5	M	TRUE	Shetland Sheepdog	Epilepsy	016Fernando_F.fastq.gz	016Fernando_R.fastq.gz
017Halo	GCTACGCT+TATCCTCT	GTGCCAGCMGCCGCGGTAA	GGACTACHVGGGTWTCTAAT	017Halo	17	0	9	Healthy	B	3	M	TRUE	Poodle Mix	Healthy	017Halo_F.fastq.gz	017Halo_R.fastq.gz
018Oakley	GCTACGCT+AGAGTAGA	GTGCCAGCMGCCGCGGTAA	GGACTACHVGGGTWTCTAAT	018Oakley	18	153000	9	Epilepsy	A	1	M	FALSE	3/4 Greater Swiss Mountain Dog / 1/4 St. Bernard	Epilepsy	018Oakley_F.fastq.gz	018Oakley_R.fastq.gz
019Jojo	GCTACGCT+GTAAGGAG	GTGCCAGCMGCCGCGGTAA	GGACTACHVGGGTWTCTAAT	019Jojo	19	NA	10	Healthy	B	7	F	TRUE	Catahoula mix	Healthy	019Jojo_F.fastq.gz	019Jojo_R.fastq.gz
020Petey	GCTACGCT+ACTGCATA	GTGCCAGCMGCCGCGGTAA	GGACTACHVGGGTWTCTAAT	020Petey	20	NA	10	Epilepsy	A	7	M	TRUE	Catahoula Mix	Epilepsy	020Petey_F.fastq.gz	020Petey_R.fastq.gz
021Frodo	GCTACGCT+AAGGAGTA	GTGCCAGCMGCCGCGGTAA	GGACTACHVGGGTWTCTAAT	021Frodo	21	2880	11	Healthy	B	10	M	TRUE	Border Terrier	Healthy	021Frodo_F.fastq.gz	021Frodo_R.fastq.gz
022Archie	GCTACGCT+CTAAGCCT	GTGCCAGCMGCCGCGGTAA	GGACTACHVGGGTWTCTAAT	022Archie	22	5920	11	Epilepsy	A	11	M	TRUE	Border Terrier	Epilepsy	022Archie_F.fastq.gz	022Archie_R.fastq.gz
023Trophy	CGAGGCTG+GCGTAAGA	GTGCCAGCMGCCGCGGTAA	GGACTACHVGGGTWTCTAAT	023Trophy	23	4080	12	Epilepsy	A	8	F	TRUE	Golden Retriever	Epilepsy	023Trophy_F.fastq.gz	023Trophy_R.fastq.gz
024Alibi	CGAGGCTG+CTCTCTAT	GTGCCAGCMGCCGCGGTAA	GGACTACHVGGGTWTCTAAT	024Alibi	24	39600	12	Healthy	B	4	M	FALSE	Welsh Springer Spaniel	Healthy	024Alibi_F.fastq.gz	024Alibi_R.fastq.gz
025Bella	CGAGGCTG+TATCCTCT	GTGCCAGCMGCCGCGGTAA	GGACTACHVGGGTWTCTAAT	025Bella	25	0	13	Epilepsy	A	5	F	TRUE	Havanese	Epilepsy	025Bella_F.fastq.gz	025Bella_R.fastq.gz
026Andy	CGAGGCTG+AGAGTAGA	GTGCCAGCMGCCGCGGTAA	GGACTACHVGGGTWTCTAAT	026Andy	26	23800	13	Healthy	B	4	M	TRUE	Havanese	Healthy	026Andy_F.fastq.gz	026Andy_R.fastq.gz
027Fritz	CGAGGCTG+GTAAGGAG	GTGCCAGCMGCCGCGGTAA	GGACTACHVGGGTWTCTAAT	027Fritz	27	86300	14	Healthy	B	8	M	TRUE	German Shorthaired Pointer	Healthy	027Fritz_F.fastq.gz	027Fritz_R.fastq.gz
028Sophie	CGAGGCTG+ACTGCATA	GTGCCAGCMGCCGCGGTAA	GGACTACHVGGGTWTCTAAT	028Sophie	28	111000	14	Epilepsy	A	1	F	TRUE	German Shorthaired Pointer	Epilepsy	028Sophie_F.fastq.gz	028Sophie_R.fastq.gz
